{"cameraMode":{"drawMode":0,"name":"Shaded","section":"Shading Mode"},"sceneLighting":true,"audioPlay":false,"sceneViewState":{"showFog":false,"showMaterialUpdate":false,"showSkybox":false,"showFlares":false,"showImageEffects":false,"showParticleSystems":false},"in2DMode":false,"pivot":{"x":-56.17093276977539,"y":94.60240936279297,"z":140.30186462402345},"rotation":{"x":0.07078496366739273,"y":-0.6137725114822388,"z":0.0553901270031929,"w":0.7843498587608337},"size":0.1149020791053772,"orthographic":false}