{"cameraMode":{"drawMode":0,"name":"Shaded","section":"Shading Mode"},"sceneLighting":true,"audioPlay":false,"sceneViewState":{"showFog":false,"showMaterialUpdate":false,"showSkybox":false,"showFlares":false,"showImageEffects":false,"showParticleSystems":false},"in2DMode":false,"pivot":{"x":-48.19264221191406,"y":104.0682373046875,"z":131.26235961914063},"rotation":{"x":-0.0019813410472124817,"y":-0.9953187704086304,"z":0.020904989913105966,"w":-0.0943378433585167},"size":1.7139382362365723,"orthographic":false}