{"cameraMode":{"drawMode":0,"name":"Shaded","section":"Shading Mode"},"sceneLighting":true,"audioPlay":false,"sceneViewState":{"showFog":false,"showMaterialUpdate":false,"showSkybox":false,"showFlares":false,"showImageEffects":false,"showParticleSystems":false},"in2DMode":false,"pivot":{"x":-56.29999923706055,"y":102.0999984741211,"z":126.5},"rotation":{"x":0.014189576730132103,"y":-0.510201632976532,"z":0.008419087156653405,"w":0.8598966002464294},"size":0.9000064134597778,"orthographic":true}