{"cameraMode":{"drawMode":0,"name":"Shaded","section":"Shading Mode"},"sceneLighting":true,"audioPlay":false,"sceneViewState":{"showFog":false,"showMaterialUpdate":false,"showSkybox":false,"showFlares":false,"showImageEffects":false,"showParticleSystems":false},"in2DMode":false,"pivot":{"x":-23.82398223876953,"y":138.15570068359376,"z":144.2223358154297},"rotation":{"x":-0.02967289835214615,"y":0.9683983325958252,"z":-0.20337389409542085,"w":-0.14129137992858888},"size":387.9463195800781,"orthographic":false}