{"cameraMode":{"drawMode":0,"name":"Shaded","section":"Shading Mode"},"sceneLighting":true,"audioPlay":false,"sceneViewState":{"showFog":false,"showMaterialUpdate":false,"showSkybox":false,"showFlares":false,"showImageEffects":false,"showParticleSystems":false},"in2DMode":false,"pivot":{"x":-56.29999923706055,"y":102.66651916503906,"z":126.5},"rotation":{"x":0.025461997836828233,"y":-0.8099075555801392,"z":0.035255033522844318,"w":0.5849431753158569},"size":1.385924220085144,"orthographic":false}