{"cameraMode":{"drawMode":0,"name":"Shaded","section":"Shading Mode"},"sceneLighting":true,"audioPlay":false,"sceneViewState":{"showFog":false,"showMaterialUpdate":false,"showSkybox":false,"showFlares":false,"showImageEffects":false,"showParticleSystems":false},"in2DMode":false,"pivot":{"x":-49.86994171142578,"y":125.6275405883789,"z":165.5184326171875},"rotation":{"x":0.023775717243552209,"y":-0.920403003692627,"z":-0.05667626112699509,"w":-0.3861098885536194},"size":0.5305882692337036,"orthographic":false}