{"cameraMode":{"drawMode":0,"name":"Shaded","section":"Shading Mode"},"sceneLighting":true,"audioPlay":false,"sceneViewState":{"showFog":false,"showMaterialUpdate":false,"showSkybox":false,"showFlares":false,"showImageEffects":false,"showParticleSystems":false},"in2DMode":false,"pivot":{"x":-195.5633087158203,"y":126.89238739013672,"z":215.74569702148438},"rotation":{"x":0.018542109057307245,"y":0.7590792775154114,"z":-0.021642135456204416,"w":0.650374174118042},"size":3.69905424118042,"orthographic":false}