{"cameraMode":{"drawMode":0,"name":"Shaded","section":"Shading Mode"},"sceneLighting":true,"audioPlay":false,"sceneViewState":{"showFog":false,"showMaterialUpdate":false,"showSkybox":false,"showFlares":false,"showImageEffects":false,"showParticleSystems":false},"in2DMode":false,"pivot":{"x":0.4350090026855469,"y":4.985418319702148,"z":-1.002536416053772},"rotation":{"x":-0.02191069722175598,"y":-0.9734171032905579,"z":0.10554296523332596,"w":-0.20208878815174104},"size":4.415264129638672,"orthographic":false}