{"cameraMode":{"drawMode":0,"name":"Shaded","section":"Shading Mode"},"sceneLighting":true,"audioPlay":false,"sceneViewState":{"showFog":false,"showMaterialUpdate":false,"showSkybox":false,"showFlares":false,"showImageEffects":false,"showParticleSystems":false},"in2DMode":false,"pivot":{"x":-19.07813262939453,"y":108.59886932373047,"z":154.07846069335938},"rotation":{"x":0.03806310147047043,"y":0.6082504987716675,"z":-0.0292222797870636,"w":0.7922933101654053},"size":15.893614768981934,"orthographic":false}