{"cameraMode":{"drawMode":0,"name":"Shaded","section":"Shading Mode"},"sceneLighting":true,"audioPlay":false,"sceneViewState":{"showFog":false,"showMaterialUpdate":false,"showSkybox":false,"showFlares":false,"showImageEffects":false,"showParticleSystems":false},"in2DMode":false,"pivot":{"x":-50.317691802978519,"y":96.24103546142578,"z":159.0130615234375},"rotation":{"x":0.15240629017353059,"y":-0.001229829271323979,"z":0.00018951749370899051,"w":0.9883171916007996},"size":31.027267456054689,"orthographic":false}