{"cameraMode":{"drawMode":0,"name":"Shaded","section":"Shading Mode"},"sceneLighting":true,"audioPlay":false,"sceneViewState":{"showFog":false,"showMaterialUpdate":false,"showSkybox":false,"showFlares":false,"showImageEffects":false,"showParticleSystems":false},"in2DMode":false,"pivot":{"x":-47.28030014038086,"y":104.06258392333985,"z":127.59163665771485},"rotation":{"x":0.005652385763823986,"y":0.7784798741340637,"z":-0.007012426853179932,"w":0.6276050209999085},"size":1.6047452688217164,"orthographic":false}