{"cameraMode":{"drawMode":0,"name":"Shaded","section":"Shading Mode"},"sceneLighting":true,"audioPlay":false,"sceneViewState":{"showFog":false,"showMaterialUpdate":false,"showSkybox":false,"showFlares":false,"showImageEffects":false,"showParticleSystems":false},"in2DMode":false,"pivot":{"x":-49.45210647583008,"y":94.8293685913086,"z":132.25320434570313},"rotation":{"x":-0.029430590569972993,"y":-0.9596812725067139,"z":0.10988341271877289,"w":-0.2570434510707855},"size":10.85084056854248,"orthographic":false}