{"cameraMode":{"drawMode":0,"name":"Shaded","section":"Shading Mode"},"sceneLighting":true,"audioPlay":false,"sceneViewState":{"showFog":false,"showMaterialUpdate":false,"showSkybox":false,"showFlares":false,"showImageEffects":false,"showParticleSystems":false},"in2DMode":false,"pivot":{"x":-39.51790237426758,"y":157.46505737304688,"z":157.0544891357422},"rotation":{"x":-0.11645783483982086,"y":-0.3122861981391907,"z":0.03860602527856827,"w":-0.9420320987701416},"size":1.3602654933929444,"orthographic":false}