{"cameraMode":{"drawMode":0,"name":"Shaded","section":"Shading Mode"},"sceneLighting":true,"audioPlay":false,"sceneViewState":{"showFog":false,"showMaterialUpdate":false,"showSkybox":false,"showFlares":false,"showImageEffects":false,"showParticleSystems":false},"in2DMode":false,"pivot":{"x":-56.29999923706055,"y":103.07400512695313,"z":126.5},"rotation":{"x":0.015220696106553078,"y":-0.8613030314445496,"z":-0.02584683895111084,"w":-0.5072054862976074},"size":1.3149445056915284,"orthographic":false}
