{"cameraMode":{"drawMode":0,"name":"Shaded","section":"Shading Mode"},"sceneLighting":true,"audioPlay":false,"sceneViewState":{"showFog":false,"showMaterialUpdate":false,"showSkybox":false,"showFlares":false,"showImageEffects":false,"showParticleSystems":false},"in2DMode":false,"pivot":{"x":-197.38626098632813,"y":125.45609283447266,"z":218.71690368652345},"rotation":{"x":0.057748887687921527,"y":0.7797549962997437,"z":-0.07272706925868988,"w":0.6191591024398804},"size":1.385915994644165,"orthographic":false}